ID,银行名称,名称缩写,银行代码,银行logo,联系电话,银行网站,英文简称
1,国家开发银行,,,1.png,010-68306688,http://www.cdb.com.cn,CDB
2,中国工商银行,工商银行,01020000,2.png,95588,http://www.icbc.com.cn,ICBC
3,中国农业银行,农业银行,01030000,3.png,95599,http://www.abchina.com,ABC
4,中国银行,,01040000,4.png,95566,http://www.boc.cn,BOC
5,中国建设银行,建设银行,01059999,5.png,95533,http://www.ccb.com,CCB
6,中国邮政储蓄银行,邮政储蓄银行,01000000,6.png,95580,http://www.psbc.com,PSBC
7,交通银行,,03010000,7.png,95559,http://www.bankcomm.com,COMM
8,招商银行,,03080000,8.png,95555,http://www.cmbchina.com,CMB
9,上海浦东发展银行,浦发银行,03100000,9.png,95528,http://www.spdb.com.cn,SPDB
10,兴业银行,,03090010,10.png,95561,http://www.cib.com.cn,CIB
11,华夏银行,,63040000,11.png,95577,http://www.hxb.com.cn/home/cn,HXBANK
12,广发银行,广东发展银行,03060000,12.png,400-830-8003,http://www.cgbchina.com.cn,GDB
13,中国民生银行,民生银行,03050000,13.png,95568,http://www.cmbc.com.cn,CMBC
14,中信银行,,03020000,14.png,95558,http://www.citicbank.com,CITIC
15,中国光大银行,光大银行,63030000,15.png,95595,http://www.cebbank.com,CEB
16,恒丰银行,,63110000,16.png,95395,http://www.egbank.com.cn,EGBANK
17,浙商银行,,03160001,17.png,95527,http://www.czbank.com,CZBANK
18,渤海银行,,03170000,18.png,400-888-8811,http://www.cbhb.com.cn,BOHAIB
19,平安银行,,04105840,19.png,95511-3,http://bank.pingan.com,SPABANK
20,东亚银行,,03200000,20.png,800-830-3811,http://www.hkbea.com.cn,HKBEA
21,韩亚银行,,03290000,21.png,400-885-1111,http://www.hanabank.cn/hana/cn/subpage_p41_sfbz.shtml,HANABANK
22,上海农村商业银行,上海农商银行,14012900,22.png,400-696-2999,http://www.srcb.com,SHRCB
23,玉溪市商业银行,,,23.png,0877-96522,http://www.yxccb.com.cn,YXCCB
24,尧都农商银行,尧都农村商业银行,,24.png,96518,http://www.ydnsh.com,YDRCB
25,北京银行,,64031000,25.png,95526,http://www.bankofbeijing.com.cn,BJBANK
26,上海银行,,04012902,26.png,95594,http://www.bankofshanghai.com,SHBANK
27,江苏银行,,05213000,27.png,95319,http://www.jsbchina.cn,JSBANK
28,杭州银行,杭州商业银行,,28.png,95398,http://www.hzbank.com.cn,HZCB
29,南京银行,,64243010,29.png,95302,http://www.njcb.com.cn,NJCB
30,宁波银行,,64083300,30.png,95574,http://www.nbcb.com.cn,NBBANK
31,徽商银行,,64403600,31.png,96588,http://www.hsbank.com.cn,HSBANK
32,长沙银行,,04615510,32.png,0731-96511,http://www.cscb.cn,CSCB
33,成都银行,成都商业银行,,33.png,400-689-6511,http://www.bocd.com.cn,CDCB
34,重庆银行,,04416900,34.png,400-709-6899,http://www.cqcbank.com,CQBANK
35,大连银行,,04202221,35.png,400-664-0099,http://www.bankofdl.com,DLB
36,南昌银行,,,36.png,400-789-2666,http://www.nccbank.com.cn,NCB
37,福建海峡银行,,04053919,37.png,400-893-9999,http://www.fjhxbank.com,FJHXBC
38,汉口银行,,05075210,38.png,400-609-6558,http://www.hkbchina.com,HKB
39,温州银行,,05063330,39.png,0577-96699,http://www.wzcb.com.cn,WZCB
40,青岛银行,,64504520,40.png,400-669-6588,http://www.qdccb.com,QDCCB
41,台州银行,,04593451,41.png,400-669-6528,http://www.tzbank.com,TZCB
42,嘉兴银行,,64703350,42.png,0573-96528,http://www.jxccb.com,JXBANK
43,常熟农村商业银行,常熟农商银行,64033055,43.png,0512-962000,http://www.csrcbank.com,CSRCB
44,南海农商银行,南海农村信用联社,14075882,44.png,96138,http://www.nanhaibank.com,NHB
45,常州农村信用联社,,,45.png,,,CZRCB
46,内蒙古银行,,64741910,46.png,400-059-6019,http://www.boimc.com.cn,H3CB
47,绍兴银行,,04283379,47.png,0575-96528,http://www.sxccb.com,SXCB
48,顺德农商银行,,,48.png,0757-22223388,http://www.sdebank.com,SDEB
49,吴江农商银行,吴江农村商业银行,14283054,49.png,96068,http://www.wjrcb.com,WJRCB
50,齐商银行,,64384530,50.png,0533-96588,http://www.qsbank.cc,ZBCB
51,贵阳银行,贵阳市商业银行,04437010,51.png,0851-6859059,http://www.gyccb.cn,GYCB
52,遵义市商业银行,,,52.png,,,ZYCBANK
53,湖州市商业银行,湖州银行,04753360,53.png,400-809-6528,http://www.hzccb.net,HZCCB
54,龙江银行,,64922690,54.png,400-645-8888,http://www.lj-bank.com,DAQINGB
55,晋城银行,,65031680,55.png,95105757,http://www.jinchengbank.com,JCBANK
56,浙江泰隆商业银行,泰隆银行,64733450,56.png,400-889-6575,http://www.zjtlcb.com,ZJTLCB
57,广东省农村信用社联合社,广东农村信用社,14505800,57.png,96138,http://www.gdrcu.com,GDRCC
58,东莞农村商业银行,,14156020,58.png,0769-961122,http://www.drcbank.com,DRCBCL
59,浙江民泰商业银行,民泰银行,05253454,59.png,400-889-6521,http://www.mintaibank.com,MTBANK
60,广州银行,广州市商业银行,04135810,60.png,400-839-6699,http://www.gzcb.com.cn,GCB
61,辽阳银行,辽阳市商业银行,04192310,61.png,0419-96678,http://www.bankofliaoyang.net,LYCB
62,江苏省农村信用社联合社,江苏农村信用社,65243000,62.png,96008,http://www.jsnx.net,JSRCU
63,廊坊银行,,04721460,63.png,400-620-0099,http://www.lccb.com.cn,LANGFB
64,浙江稠州商业银行,稠州银行,05303387,64.png,400-809-6527,http://www.czcb.com.cn/,CZCB
65,德阳商业银行,德阳银行,,65.png,0838-2303318,http://www.dyccb.com,DYCB
66,晋中银行,晋中市商业银行,69551750,66.png,0354-3366330,http://www.jzbank.com,JZBANK
67,苏州银行,,64303050,67.png,96067,http://www.suzhoubank.com,BOSZ
68,桂林银行,,64916170,68.png,400-86-96299,http://www.guilinbank.com.cn,GLBANK
69,乌鲁木齐市商业银行,,,69.png,0991-96518,http://www.uccb.com.cn,URMQCCB
70,成都农商银行,成都农村商业银行,14226510,70.png,028-962711,http://www.cdrcb.com,CDRCB
71,张家港农村商业银行,张家港农商银行,64163056,71.png,0512-96065,http://www.zrcbank.com,ZRCBANK
72,东莞银行,,,72.png,96228,http://www.dongguanbank.cn,BOD
73,莱商银行,,04974790,73.png,400-669-6629,http://www.lsbankchina.com,LSBANK
74,北京农村商业银行,北京农商银行,14181000,74.png,96198,http://www.bjrcb.com,BJRCB
75,天津农商银行,天津农村商业银行,14191100,75.png,96155,http://www.trcbank.com.cn,TRCB
76,上饶银行,,65264331,76.png,96233,http://www.srbank.cn,SRBANK
77,富滇银行,,64667310,77.png,0871-96533,http://www.fudian-bank.com,FDB
78,重庆农村商业银行,,15136900,78.png,023-966866,http://www.cqrcb.com,CRCBANK
79,鞍山银行,,04562239,79.png,400-619-6178,http://www.bankofas.com,ASCB
80,宁夏银行,,04368719,80.png,400-809-6558,http://www.ycccb.com,NXBANK
81,河北银行,,04221219,81.png,0313-96368,http://www.hebbank.com,BHB
82,华融湘江银行,,65705500,82.png,0731-96599,http://www.hrxjbank.com.cn,HRXJB
83,自贡市商业银行,,05326560,83.png,96813,http://www.zgbank.com.cn,ZGCCB
84,云南省农村信用社,云南省农村信用社联合社,65097300,84.png,96500,http://www.ynrcc.com,YNRCC
85,吉林银行,,04512420,85.png,400-889-6666,http://www.jlbank.com.cn,JLBANK
86,东营市商业银行,东营银行,,86.png,0546-96588,http://www.dyccb.net,DYCCB
87,昆仑银行,,05478820,87.png,400-669-6569,http://www.klb.cn,KLB
88,鄂尔多斯银行,,05342050,88.png,0477-96622,http://www.ordosbank.com,ORBANK
89,邢台银行,,65541310,89.png,96306,http://www.xtbank.com,XTB
90,晋商银行,,04491610,90.png,95105588,http://www.jshbank.com,JSB
91,天津银行,天津市商业银行,04341101,91.png,400-696-0296,http://www.bank-of-tianjin.com.cn,TCCB
92,营口银行,,64652280,92.png,400-789-6178,http://www.bankofyk.com,BOYK
93,吉林省农村信用社联合社,吉林农信,14452402,93.png,96888,http://www.jlnls.com,JLRCU
94,山东省农村信用社,山东农信,14144500,94.png,96668,http://www.sdnxs.com,SDRCU
95,西安银行,,64447910,95.png,400-869-6779,http://www.xacbank.com,XABANK
96,河北省农村信用社,河北省农村信用社联合社,14411200,96.png,96369,http://www.hebnx.com,HBRCU
97,宁夏黄河农村商业银行,黄河农村商业银行,14468702,97.png,400-859-6555,http://www.bankyellowriver.com,NXRCU
98,贵州省农村信用社,贵州省农村信用社联合社,14367000,98.png,0851-96688,http://www.gznxbank.com,GZRCU
99,阜新银行,,04672299,99.png,0418-96665,http://www.fuxinbank.com,FXCB
100,湖北银行黄石分行,,,100.png,,,HBHSBANK
101,浙江省农村信用社联合社,浙江农村信用社,14293301,101.png,400-889-6596,http://www.zj96596.com,ZJNX
102,新乡银行,,,102.png,400-675-3999,http://www.xxssh.com,XXBANK
103,湖北银行宜昌分行,,,103.png,,,HBYCBANK
104,乐山市商业银行,,05406650,104.png,96811,http://www.lsccb.com,LSCCB
105,江苏太仓农村商业银行,太仓农商银行,14333051,105.png,400-184-0060,http://www.tcrcb.com,TCRCB
106,驻马店银行,,05605129,106.png,400-020-8866,http://www.zmdbank.cn,BZMD
107,赣州银行,,04634280,107.png,0797-96296,http://www.gzccb.com,GZB
108,无锡农村商业银行,,65373020,108.png,96058,http://www.wrcb.com.cn,WRCB
109,广西北部湾银行,,64786110,109.png,0771-96288,http://www.bankofbbg.com/portal/index.htm,BGB
110,广州农商银行,,14055810,110.png,95313,http://www.grcbank.com,GRCB
111,江阴农商银行,江苏江阴农村商业银行,14123020,111.png,0510-96078,http://www.jybank.com.cn,JRCB
112,平顶山银行,,05484959,112.png,0375-96588,http://www.pdsb.cn,BOP
113,泰安市商业银行,,,113.png,0538-96588,http://www.taccb.com.cn,TACCB
114,南充市商业银行,,04966730,114.png,400-169-6869,http://www.cgnb.cn,CGNB
115,重庆三峡银行,,05426900,115.png,96968,http://www.ccqtgb.com,CCQTGB
116,中山小榄村镇银行,,15156030,116.png,95316,http://www.jycbank.com/zsportal/zh_CN/home/index.html,XLBANK
117,邯郸银行,,05890000,117.png,400-019-6368,http://www.hdcb.cn,HDBANK
118,库尔勒市商业银行,,05658880,118.png,400-896-1366,http://www.xjkccb.cn,KORLABANK
119,锦州银行,,64392270,119.png,400-669-6178,http://www.jinzhoubank.com,BOJZ
121,齐鲁银行,,03134500,121.png,400-609-6588,http://www.qlbchina.com,QLBANK
122,青海银行,,64588510,122.png,0971-96399,http://www.bankqh.com,BOQH
123,阳泉银行,阳泉市商业银行,,123.png,400-115-6000,http://www.yqccb.com,YQCCB
124,盛京银行,,04172211,124.png,400-699-6666,http://www.shengjingbank.com.cn,SJBANK
125,抚顺银行,抚顺市商业银行,04302249,125.png,024-96663,http://www.bankoffs.com.cn,FSCB
126,郑州银行,,64354910,126.png,4000-967585,http://www.zzbank.cn,ZZBANK
127,深圳农村商业银行,深圳农商银行,64045840,127.png,400-196-1200,http://www.4001961200.com,SRCB
128,潍坊银行,,64624580,128.png,400-619-6588,http://www.wfccb.com,BANKWF
129,九江银行,,04544240,129.png,95316,http://www.jjccb.com,JJBANK
130,江西省农村信用社,江西省农村信用社联合社,65394200,130.png,96268,http://www.jxnxs.com,JXRCU
131,河南省农村信用社,河南省农村信用社联合社,14404900,131.png,96288,http://www.hnnx.com,HNRCU
132,甘肃省农村信用社,甘肃省农村信用社联合社,14538200,132.png,96688,http://www.gsrcu.com,GSRCU
133,四川省农村信用社,四川省农村信用社联合社,14526500,133.png,028-96633,http://www.scrcu.com,SCRCU
134,广西省农村信用社,广西农村信用社联合社,14436100,134.png,966888,http://www.gx966888.com,GXRCU
135,陕西信合,陕西省农村信用社联合社,14427900,135.png,10106262,http://www.sxnxs.com,SXRCCU
136,武汉农村商业银行,武汉农商银行,65595210,136.png,96555,http://www.whrcbank.com,WHRCB
137,宜宾市商业银行,,05646710,137.png,0831-96578,http://www.ybccb.com,YBCCB
138,昆山农村商业银行,,,138.png,0512-96079,http://www.ksrcb.cn,KSRB
139,石嘴山银行,,05438729,139.png,96789,http://www.szsccb.com,SZSBK
140,衡水银行,衡水市商业银行,05611499,140.png,0318-96368,http://www.hengshuibank.com/,HSBK
141,信阳银行,,05695151,141.png,0376-96688,http://www.xinyangcb.cn,XYBANK
142,鄞州银行,鄞州农村合作银行,,142.png,96561,http://www.beeb.com.cn,NBYZ
143,张家口市商业银行,,04901381,143.png,0313-96368,http://www.zjkccb.com/Index.html,ZJKCCB
144,许昌银行,,,144.png,,,XCYH
145,济宁银行,,05374610,145.png,400-677-0537,http://www.jn-bank.com,JNBANK
146,开封市商业银行,,,146.png,96566,http://www.bankkf.com,CBKF
147,威海市商业银行,,64814650,147.png,400-009-6636,http://www.whccb.com,WHCCB
148,湖北银行,,05755202,148.png,400-85-96599,http://www.hubeibank.cn/,HBC
149,承德银行,,65131410,149.png,0314-96368,http://www.chengdebank.com,BOCD
150,丹东银行,,04462269,150.png,400-709-6658,http://www.dandongbank.com,BODD
151,金华银行,金华商业银行,04263380,151.png,0579-96528,http://www.jhccb.com.cn,JHBANK
152,朝阳银行,,05492341,152.png,400-639-6667,http://www.cycb.com,BOCY
153,临商银行,临沂商业银行,64314730,153.png,400-699-6588,http://www.lsbchina.com,LSBC
154,包商银行,,04791921,154.png,95352,http://www.bsb.com.cn,BSB
155,兰州银行,,64478210,155.png,400-889-6799,http://www.lzbank.com,LZYH
156,周口银行,,05625081,156.png,,,BOZK
157,德州银行,,65154680,157.png,400-849-6588,http://www.dzbchina.com,DZBANK
158,三门峡银行,,,158.png,,http://www.smxbank.com,SCCB
159,安阳银行,,,159.png,,,AYCB
160,安徽省农村信用社,安徽省农村信用社联合社,65473600,160.png,96669,http://www.ahrcu.com,ARCU
161,湖北省农村信用社,湖北省农村信用社联合社,,161.png,027-96568,http://www.hbxh.com.cn,HURCB
162,湖南省农村信用社,湖南省农村信用社联合社,14385500,162.png,96518,http://www.hnnxs.com,HNRCC
163,广东南粤银行,,64895919,163.png,0759-961818,http://www.gdnybank.com,NYNB
164,洛阳银行,,04184930,164.png,0379-96699,http://www.bankofluoyang.com.cn,LYBANK
165,厦门银行,,04023930,165.png,400-858-8888,http://www.xmccb.com,
166,烟台银行,烟台商业银行,,166.png,400-831-1777,http://www.yantaibank.net,
167,泉州银行,,04643970,167.png,400-88-96312,http://www.qzccbank.com/cn/index.html,
168,日照银行,日照市商业银行,64554770,168.png,400-689-6588,http://www.bankofrizhao.com.cn,
169,江苏长江商业银行,,04933160,169.png,400-889-6036,http://www.cjccb.com,
170,宁波东海银行,,05503320,170.png,400-886-6345,http://www.ndhb.cn,
171,枣庄银行,,05824540,171.png,400-689-6196,http://www.zzbank.cc,
172,柳州银行,,64956140,172.png,0772-96289,http://www.lzccb.com,
173,广东华兴银行,,05785800,173.png,400-830-8001,http://www.ghbank.com.cn,
174,珠海华润银行,,64375850,174.png,400-880-0338,http://www.crbank.com.cn,
175,珠海农商银行,珠海农村商业银行,14315850,175.png,96138,http://www.zhnsbank.com,
176,唐山市商业银行,唐山银行,,176.png,0315-96368,http://www.ts-bank.cn,
177,沧州银行,,04761432,177.png,96328,http://www.czccb.cn,
178,秦皇岛市商业银行,秦皇岛银行,,178.png,0335-96336,http://www.qhdbank.cn,
179,保定银行,,05521379,179.png,400-679-6368,http://www.bd-bank.com.cn,
180,大同银行,大同市商业银行,04871620,180.png,400-119-6588,http://www.dtccb.com,
181,长治银行,长治市商业银行,05121660,181.png,0355-96515,http://www.czccb.com,
182,南阳银行,,,182.png,0377-61639999,http://www.bankofnanyang.com,
183,焦作市商业银行,,,183.png,0391-96999,http://www.jzcbank.com,
184,鹤壁银行,,,184.png,,,
185,商丘银行,,,185.png,,,
186,攀枝花市商业银行,,04836560,186.png,400-109-6998,http://ebank.pzhccb.com,
187,泸州市商业银行,,04866570,187.png,0830-3111818,http://www.lzccb.cn,
188,遂宁市商业银行,,05516629,188.png,0825-96677,http://www.snccb.com,
189,贵州银行,,05847000,189.png,400-069-6655,http://www.bgzchina.com,
190,曲靖市商业银行,,05027361,190.png,0874-8968888,http://www.qjccb.com,
191,哈尔滨银行,,64422611,191.png,400-609-5537,http://www.hrbcb.com.cn,
192,葫芦岛银行,,04332369,192.png,400-119-6656,http://www.bankofhld.com,
193,长安银行,,05417901,193.png,029-96669,http://www.ccabchina.com,
194,汇丰银行,,03210001,194.png,800-830-2880,https://www.hsbc.com.cn,
195,花旗银行,,03190001,195.png,800-830-1880,http://www.citibank.com.cn,
196,渣打银行,,03220001,196.png,800-820-8088,http://www.standardchartered.com.cn,
197,瑞士银行,,,197.png,,https://www.ubs.com/cn/sc.html,
198,华侨银行,,03300000,198.png,400-670-2888,http://www.ocbc.com.cn,
199,南洋商业银行,,63320000,199.png,800-830-2066,http://www.ncbchina.cn,
200,摩根大通银行,,,200.png,400-810-2580,http://www.jpmorganchina.com.cn,
201,德意志银行,,,201.png,010-59698888,http://china.db.com,
202,恒生银行,,25150344,202.png,400-120-8288,http://bank.hangseng.com,
203,盘谷银行,,,203.png,021-23290100,http://www.bangkokbank.com.cn,
204,富邦华一银行,,03390000,204.png,021-962811,http://www.fsbankonline.com,
205,华商银行,,03370000,205.png,0755-23825555,http://www.cmbcn.com.cn,
206,友利银行,,03270000,206.png,400-678-9001,http://www.wooribankchina.com,
207,新韩银行,,03280000,207.png,400-668-8600,http://www.shinhanchina.com,
208,星展银行中国,,03240000,208.png,400-820-8988,http://www.dbs.com,
209,苏格兰皇家银行,,,209.png,,,
210,华美银行,,,210.png,626-7990228,http://www.eastwestbank.com,
211,华侨永亨银行,永亨银行,,211.png,400-894-0089,http://www.ocbc.com.cn,
212,法国兴业银行,,03330001,212.png,400-888-8765,http://www.societegenerale.cn,
213,临海农商银行,,,213.png,0576-85118325 ,http://www.zjlhbank.com,
214,诸暨农商银行,,,214.png,0575-87096596,http://www.zhujibank.com,
215,苍南农商银行,,,215.png,0577-68111111,http://www.zjcnbank.com,
216,南浔银行,,,216.png,40088-96596,http://www.zjnrcb.com,
217,余杭农村商业银行,余杭农商银行,,217.png,,,
218,乐清农商银行,,,218.png,96596,http://www.yqbank.com,
219,中山农村商业银行,中山农商银行,,219.png,96138,http://www.zsebank.com,
220,佛山农商银行,,,220.png,,,
221,长春农商银行,,,221.png,96888,http://www.cccb.cn,
222,马鞍山农村商业银行,马鞍山农商银行,,222.png,400-8888-157,http://www.masrcb.com,
223,盐城农商银行,,,223.png,0515-88880000 ,http://www.jsycrcb.com,
224,淮北农商银行,,,224.png,0561-3886616,http://www.hbnsyh.com,
225,石狮农商银行,,,225.png,0595-88583931,http://www.ssrcb.com/,
226,晋江农商银行,,,226.png,400-189-6336,http://www.jjrcb.cn,
228,青岛农商银行,青岛农村商业银行,14144520,228.png,400-119-6668,http://www.qrcb.com.cn/qrcbcms/html/,
229,泉州农商银行,,,229.png,96336,http://www.fjnx.com.cn/qzrcb,
230,铜陵农商银行,,,230.png,0562-2860385,http://www.tlrcb.com.cn/,
231,威海农商银行,,,231.png,,,
232,禾城农商银行,,,232.png,,,
233,浏阳农商银行,,,233.png,,,
234,盱眙农商银行,,,234.png,,,
235,启东农商银行,,,235.png,,,
236,南平农商银行,,,236.png,,,
237,靖江农商银行,,,237.png,,,
238,福建省农村信用社联合社,福建农村信用社,65173900,238.png,96336,http://www.fjnx.com.cn,
239,辽宁省农村信用社联合社,辽宁省农村信用社,14542201,239.png,96888,http://www.lnrcc.com,
240,东亚银行(中国),,63200000,240.png,400-8888-338,http://www.hkbea.com.cn,
241,中国工商银行(澳门),中国工商银行澳门分行,01020446,241.png,,,
243,星展银行,,03240000,243.png,400-820-8988,http://www.dbs.com/cn/,
244,友利银行(中国),,03270000,244.png,,,
245,韩亚银行(中国),,03290000,245.png,400-650-9226,http://www.hanabank.cn,
246,华侨银行(中国),,03300000,246.png,400-670-2888,http://www.ocbc.com.cn,
247,南洋商业银行(中国),,03320000,247.png,400-830-2066,http://www.ncbchina.cn,
248,南通农村商业银行,南通农商银行,,248.png,96008,http://www.ntrcb.com/index.html,
249,中国银行东京分行,,,249.png,95566,http://www.boc.cn/jp,
250,中国银行澳门分行,,01040446,250.png,+853-88895566,http://www.bocmacau.com,
251,中国银行新加坡分行,,,251.png,+65-67795566,http://www.boc.cn/sg/cn,
252,交通银行香港分行,,03010344,252.png,+852-22395559,http://www.bankcomm.com.hk/cn/index.html,
253,招商银行香港分行,,03080344,253.png,+852-31195555,http://hk.cmbchina.com,
254,绵阳市商业银行,,04856590,254.png,0816-2371111,http://www.mysyyh.com,
255,山西省农村信用社,,14551600,255.png,,http://www.shanxinj.com/,
256,甘肃银行,,05818202,256.png,,,
257,湖北银行襄阳分行,,,257.png,,,
258,乌海银行,,05311930,258.png,,,
259,铁岭银行,,05392339,259.png,,,
260,盘锦市商业银行,,05442329,260.png,,,
261,凉山州商业银行,,05556859,261.png,,,
262,中原银行漯河分行,,,262.png,,,
263,中原银行新乡分行,,,263.png,,,
264,中原银行驻马店分行,,,264.png,,,
265,广州农村商业银行,,65055810,265.png,,,
266,顺德农村商业银行,广东顺德农村商业银行,14075882,266.png,,,
267,中原银行,,05864910,267.png,96688,http://www.zybank.com.cn,
268,佛山市三水区农村信用合作联社,,14215881,268.png,,,
269,新会农商银行,新会农村商业银行,,269.png,,,
271,太仓农村商业银行,,14333051,271.png,,,
272,江南农村商业银行,,64603040,272.png,0519-96005,http://www.jnbank.com.cn/,
273,新疆维吾尔自治区农村信用社联合社,,14448802,273.png,,,
274,海南省农村信用社联合社,,14486400,274.png,,,
275,青海省农村信用社联合社,,14498501,275.png,,,
276,内蒙古自治区农村信用社联合社,,14511900,276.png,,,
277,天津滨海农村商业银行,天津滨海农商银行,65561100,277.png,,,
278,黑龙江省农村信用社联合社,,14572600,278.png,,,
279,大新银行,,03350000,279.png,,,
280,中国建设银行(亚洲),中国建设银行亚洲,25070344,280.png,,,
281,星展银行(香港),星展银行香港,25080344,281.png,,,
282,上海商业银行,,25090344,282.png,0575-96528,http://www.sxccb.com,
283,永隆银行,,25100344,283.png,,,
284,中信银行(国际),,,284.png,,,
285,创兴银行,,25170344,285.png,,,
286,中国银行(香港),,47980344,286.png,+852-39882388,http://www.bochk.com/sc/home.html,
287,集友银行,,47980344,287.png,+852-22323625 ,http://www.chiyubank.com,
288,AEON信贷财务(亚洲),AEON信贷财务亚洲,25230344,288.png,,,
289,中国工商银行(亚洲),工银亚洲,01020344,289.png,,,
290,大丰银行,,25250446,290.png,,,
291,中国建设银行(澳门),中国建设银行澳门,25270446,291.png,,,
292,渣打银行(香港),渣打银行香港,25280344,292.png,+852-28868868,https://www.sc.com/hk/zh/,
293,通济隆,,,293.png,,,
294,大华银行,,03340000,294.png,,,
295,三井住友银行,,26110392,295.png,,,
296,澳门国际银行,,26220446,296.png,,,
297,澳门大西洋银行,,26230446,297.png,,,
298,可汗银行,,26530496,298.png,,,
299,蒙古郭勒姆特银行,,26620496,299.png,,,
300,BC卡,,26630410,300.png,,,
301,日本三菱东京联合银行,,,301.png,,,
302,湖南农村信用社联合社,,65385500,302.png,,,
303,中国银行(马来西亚),,01040458,303.png,,,
304,中国工商银行法兰克福分行,,01020276,304.png,,,
305,华侨永亨银行(中国),,03310000,305.png,,,
306,中国工商银行布鲁塞尔分行,,01020056,306.png,,,
307,中国工商银行(巴西),,01020076,307.png,,,
308,中国工商银行金边分行,,01020116,308.png,,,
309,中国工商银行(加拿大),,01020124,309.png,,,
310,中国工商银行巴黎分行,,01020250,310.png,,,
311,中国工商银行(印度尼西亚),,01020360,311.png,,,
312,西藏银行,,05767700,312.png,,,
313,新疆汇和银行,,05778981,313.png,,,
314,本溪市商业银行,,05832250,314.png,,,
315,哈密市商业银行,,05748844,315.png,,,
316,宁波通商银行,,05803320,316.png,,,
317,东亚银行澳门分行,,25020446,317.png,,,
318,俄罗斯远东商业银行,,26780643,318.png,,,
319,越南西贡商业银行,,27200704,319.png,,,
320,南阳村镇银行,,15265130,320.png,,,
321,中国银行(澳大利亚),,01040036,321.png,,,
322,中国银行金边分行,,01040116,322.png,,,
323,中国银行首尔分行,,99900410,323.png,,,
324,中国银行雅加达分行,,,324.png,,,
325,中国银行马尼拉分行,,,325.png,,,
326,中国银行胡志明市分行,,01040704,326.png,,,
327,中国银行曼谷分行,,01040764,327.png,,,
328,中国工商银行米兰分行,,01020380,328.png,,,
329,中国工商银行东京分行,,01020392,329.png,,,
330,中国工商银行阿拉木图分行,,,330.png,,,
331,中国工商银行首尔分行,,,331.png,,,
332,中国工商银行万象分行,,01020418,332.png,,,
333,中国工商银行卢森堡分行,,01020442,333.png,,,
334,中国工商银行马来西亚,,01020458,334.png,,,
335,中国工商银行阿姆斯特丹分行,,,335.png,,,
336,中国工商银行新西兰,,01020554,336.png,,,
337,中国工商银行卡拉奇分行,,01020586,337.png,,,
338,中国工商银行新加坡分行,,01020702,338.png,,,
339,中国工商银行河内分行,,,339.png,,,
340,中国工商银行马德里分行,,01020724,340.png,,,
341,中国工商银行泰国分行,,,341.png,,,
342,中国工商银行伦敦分行,,01020826,342.png,,,
343,交通银行澳门分行,,03010446,343.png,,,
344,达州市商业银行,,05576751,344.png,,,
345,雅安市商业银行,,05666770,345.png,,,
346,商丘华商农村商业银行,,,346.png,,,
347,营口沿海银行,,05722289,347.png,,,
348,海口联合农村商业银行,海口联合农商银行,14616410,348.png,,,
349,乐清联合村镇银行,,15083333,349.png,,,
350,北京大兴九银村镇银行,,15151000,350.png,,,
351,江苏邗江民泰村镇银行,,15173120,351.png,,,
352,天津静海新华村镇银行,,15181123,352.png,,,
353,宁波镇海中银富登村镇银行,,15193320,353.png,,,
354,北京顺义银座村镇银行,,15201000,354.png,,,
355,宁晋民生村镇银行,,15271329,355.png,,,
356,浙江萧山湖商村镇银行,,15283310,356.png,,,
357,晋中市榆次融信村镇银行,,15301750,357.png,,,
358,梅县客家村镇银行,,15315960,358.png,,,
359,宝生村镇银行,,15335840,359.png,,,
360,江苏大丰江南村镇银行,,15343116,360.png,,,
361,吉安稠州村镇银行,,15354353,361.png,,,
362,象山国民村镇银行,,15363321,362.png,,,
363,文昌国民村镇银行,,15386423,363.png,,,
364,北京门头沟珠江村镇银行,,15401000,364.png,,http://www.zjrcbank.cn/beijing/beijingmentougou/,
365,三水珠江村镇银行,,15405881,365.png,,,
366,安徽肥西石银村镇银行,,15433613,366.png,,,
367,广元贵商村镇银行,,15446610,367.png,96585,http://www.gygscb.com,
368,佛山高明顺银村镇银行,,15455880,368.png, ,http://www.whccb.com,
369,青岛胶南海汇村镇银行,,15464520,369.png,0771-96288,http://www.bankofbbg.com,
370,惠州仲恺东盈村镇银行,,15475950,370.png,0536-96588,http://www.wfccb.com,
371,宜兴阳羡村镇银行,,15483023,371.png,0576-96575,http://www.zjtlcb.com,
372,东营莱商村镇银行,,15514550,372.png,,,
373,河南方城凤裕村镇银行,,15515134,373.png,,,
374,永清吉银村镇银行,,15521463,374.png,,,
375,江都吉银村镇银行,,15523120,375.png,,,
376,张家港渝农商村镇银行,,15563056,376.png,,,
377,沈阳于洪永安村镇银行,,15572210,377.png,0797-96296,http://www.gzccb.com,
378,北京房山沪农商村镇银行,,15581000,378.png,,,
379,宝丰豫丰村镇银行,,15604951,379.png,,,
380,新密郑银村镇银行,,15624916,380.png,,,
381,安徽五河永泰村镇银行,,15633632,381.png,,,
382,天津华明村镇银行,,15641100,382.png,0831-96578,http://www.ybccb.com,
383,长葛轩辕村镇银行,,15655031,383.png,,,
384,从化柳银村镇银行,,15695812,384.png,,,
385,浙江兰溪越商村镇银行,,15713386,385.png,,,
386,辽宁大石桥隆丰村镇银行,,15752281,386.png,,,
387,枞阳泰业村镇银行,,15773683,387.png,,,
388,通城惠民村镇银行,,15805364,388.png,0715-4338869,http://www.tchmbank.com,
389,武陟射阳村镇银行,,15845013,389.png,,,
390,山东临朐聚丰村镇银行,,15884583,390.png,,,
391,德庆华润村镇银行,,15915936,391.png,,,
392,西安高陵阳光村镇银行,,15947916,392.png,,,
393,江苏丹阳保得村镇银行,,16013144,393.png,85196036,http://www.baodebank.cn,
394,江苏溧水民丰村镇银行,,16023010,394.png,,,
395,花旗中国,,03190003,395.png,400-821-1880,https://www.citibank.com.cn,
396,法国兴业银行(中国),,03330001,396.png,400-8888-765,http://www.socgen.com.cn/cn/index.htm,
397,大华银行(中国),,03340000,397.png,,http://www.uobchina.com.cn,
398,大新银行(中国),,03350000,398.png,+852-28288000,http:/www.dahsing.com,
399,企业银行(中国),,03360000,399.png,,,
400,澳门商业银行,,26320446,400.png,,,
401,越南外贸股份商业银行,,,401.png,+43-8243524,http://www.vietcombank.com.vn,
402,菲律宾金融银行,,27240608,402.png,,https://www.bdo.com.ph/cn/home,
403,老挝外贸银行,,,403.png,+856-21213200,http://www.bcel.com.la,
404,澳门汇业银行,,,404.png,,,
405,韩国国民银行,,,405.png,,http://www.kbstarchina.com,
406,巴基斯坦哈比卜银行,,,406.png,,,
407,中银通支付,,48080001,407.png,400-620-8890,http://www.yintongcard.com/ytcard/zh_CN/index.html,
408,南昌大丰村镇银行,,15494210,408.png,,,
409,发现金融服务,,,409.png,1-800-347-2683,https://www.discover.com,
410,俄罗斯天然气工业银行,,,410.png,,http://www.gazprombank.ru,
411,韩国农协银行,,,411.png,+82-237041004,https://banking.nonghyup.com/nhbank.html,
412,中信嘉华银行,,25160344,412.png,021-61006108,http://www.cncbinternational.com,
413,杭州联合银行,,,413.png,96596,http://www.urcb.com,
414,渣打银行(中国),渣打银行中国,03220001,414.png,800-820-8088,http://www.standardchartered.com.cn,
415,俄罗斯联邦储蓄银行,,,415.png,+7-4955005550,http://www.sberbank.ru,
416,陕西省农村信用社,农村信用社,14427900,,,,
417,广东省农村信用社,广东农信社,14505800,,,,
